{"cameraMode":{"drawMode":0,"name":"Shaded","section":"Shading Mode"},"sceneLighting":false,"audioPlay":false,"sceneViewState":{"showFog":true,"showMaterialUpdate":false,"showSkybox":false,"showFlares":true,"showImageEffects":true,"showParticleSystems":true},"in2DMode":false,"pivot":{"x":4.418337821960449,"y":-3.294029712677002,"z":-1.7094922065734864},"rotation":{"x":0.21172916889190675,"y":0.731000542640686,"z":-0.2604694962501526,"w":0.5941349267959595},"size":10.95491886138916,"orthographic":false}