{"cameraMode":{"drawMode":0,"name":"Shaded","section":"Shading Mode"},"sceneLighting":false,"audioPlay":false,"sceneViewState":{"showFog":true,"showMaterialUpdate":false,"showSkybox":false,"showFlares":true,"showImageEffects":true,"showParticleSystems":true},"in2DMode":false,"pivot":{"x":0.5657200813293457,"y":-2.468358039855957,"z":-0.340370237827301},"rotation":{"x":-0.35682350397109988,"y":-0.615783154964447,"z":0.3669600486755371,"w":-0.5990729928016663},"size":6.143040180206299,"orthographic":false}