{"cameraMode":{"drawMode":0,"name":"Shaded","section":"Shading Mode"},"sceneLighting":false,"audioPlay":false,"sceneViewState":{"showFog":true,"showMaterialUpdate":false,"showSkybox":false,"showFlares":true,"showImageEffects":true,"showParticleSystems":true},"in2DMode":false,"pivot":{"x":57.26696014404297,"y":0.21737194061279298,"z":58.59911346435547},"rotation":{"x":-0.15546338260173798,"y":0.8381552696228027,"z":-0.30859607458114626,"w":-0.4220624268054962},"size":9.006129264831543,"orthographic":false}