{"cameraMode":{"drawMode":0,"name":"Shaded","section":"Shading Mode"},"sceneLighting":false,"audioPlay":false,"sceneViewState":{"showFog":true,"showMaterialUpdate":false,"showSkybox":false,"showFlares":true,"showImageEffects":true,"showParticleSystems":true},"in2DMode":false,"pivot":{"x":7.551597595214844,"y":-0.013677835464477539,"z":4.555522441864014},"rotation":{"x":0.15741398930549622,"y":-0.7554205060005188,"z":0.6050129532814026,"w":0.19639183580875398},"size":4.6578850746154789,"orthographic":false}