{"cameraMode":{"drawMode":0,"name":"Shaded","section":"Shading Mode"},"sceneLighting":false,"audioPlay":false,"sceneViewState":{"showFog":true,"showMaterialUpdate":false,"showSkybox":false,"showFlares":true,"showImageEffects":true,"showParticleSystems":true},"in2DMode":false,"pivot":{"x":14.243118286132813,"y":3.615102767944336,"z":5.2495880126953129},"rotation":{"x":0.04276246950030327,"y":0.8947089314460754,"z":-0.43585196137428286,"w":0.0877840667963028},"size":2.8578836917877199,"orthographic":false}