{"cameraMode":{"drawMode":0,"name":"Shaded","section":"Shading Mode"},"sceneLighting":false,"audioPlay":false,"sceneViewState":{"showFog":true,"showMaterialUpdate":false,"showSkybox":false,"showFlares":true,"showImageEffects":true,"showParticleSystems":true},"in2DMode":false,"pivot":{"x":0.9754960536956787,"y":-0.45636749267578127,"z":0.8036072254180908},"rotation":{"x":-0.33786457777023318,"y":-0.3099610209465027,"z":0.11890249699354172,"w":-0.8807140588760376},"size":3.283458948135376,"orthographic":false}